{
  "mean": -21.812795639038086,
  "std": 20.864267349243164
}